[{"name":"Daniel Khan Queued 2","title":"Queued Message 2","message":"Another test"},{"name":"Daniel Khan Queued","title":"Queued Message 1","message":"I queued something"},{"name":"Daniel Khan","title":"Awesome Conference","message":"This was the best conference ever!"},{"name":"Awesome","title":"Best Meetup Ever","message":"I really love this meetup. Please don't let it end."},{"name":"Jane","title":"Meeting Time","message":"Would you consider moving the meeting time 30 minutes to about 6pm. It's tough to make it to the meetings on time right after work."},{"name":"Roy","title":"Great Speaker","message":"I really enjoyed the speaker this month. Would love to hear another presentation."}]